timestamp,latitude,longitude,zoom,image_description,image_prompt,image_model,text_description,text_prompt,text_model,danger
2026-03-18 13:56:24,-3.4653,-62.2159,17," The image provided appears to be a satellite view of an area with dense vegetation that resembles forests, likely captured using an instrument like Landsat, which can differentiate between land cover types such as forests and other areas.

From this perspective, it's difficult to determine the signs of deforestation or illegal logging without more detailed information about specific markings, patterns, or changes in the vegetation that would indicate a loss of trees or illegal activities. However, I can point out some general observations:

1. The image shows a homogeneous pattern throughout the area, which could suggest a dense and continuous forest cover. This uniformity might be an indication of well-maintained forests without significant areas cleared for agriculture, urbanization, or infrastructure development.

2. There are no clear signs of roads or other linear features that would typically be associated with human infrastructure. The absence of such features could imply that the area is largely undisturbed by human activities.

3. The image does not show any significant patches of bare land or areas devoid of vegetation, which might suggest a healthy forest ecosystem.

4. There are no clear indications of illegal logging, as there are no visible paths leading into the forest that would be unusual for natural tree falling or harvesting practices. However, without more context or specific patterns to look for, it's challenging to definitively identify any signs of illegal activity.

5. The image does not show a clear boundary between forest areas and other land types, which could be indicative of the forest being part of a larger, contiguous ecosystem without significant fragmentation.

In summary, based on the limited information available in this satellite image, there are no immediate signs of deforestation, illegal logging, or human infrastructure that stand out as obvious issues. However, more detailed analysis with additional data and context would be necessary to make a thorough assessment. ","Analyze this satellite image. Identify any signs of deforestation, illegal logging, or human infrastructure in forest areas.",llava,"N

Justification: The description suggests that the satellite image shows a dense and continuous forest cover with no clear signs of deforestation, illegal logging, or human infrastructure. Additionally, there are no visible patches of bare land or areas devoid of vegetation, which implies a healthy forest ecosystem. Overall, based on this limited information, there does not appear to be a significant environmental danger.","Based on the provided description, is there a significant environmental danger? Answer only 'Y' or 'N' and justify.",llama3,N
2026-03-18 14:05:57,-6.72532,-91.739022,17," The satellite image shows a landscape with patches of vegetation and some sparse trees. There are no visible areas of dense forest that could be indicative of deforestation or clearance for agriculture. However, there are some signs of human infrastructure:

1. Paved roadways: There is a clear road cutting through the landscape, which could indicate human settlement or infrastructure development in the area.

2. Human activity in the form of buildings and roads: The presence of a paved road and what appears to be a building at one corner suggests human habitation or industrial activity. These are often associated with infrastructure development.

3. Lack of dense forest cover: The absence of dense green areas, which could indicate deforestation, is noteworthy, especially if this area was historically forested. However, without a prior image or knowledge about the local ecosystems, it's difficult to definitively determine if there has been significant deforestation.

4. No visible signs of illegal logging: There are no indications in the image that could suggest illegal logging activities taking place within the area.

The map data seems to indicate that this image covers a relatively small area, as suggested by the repeated text. Without a broader context or larger dataset for comparison, it's challenging to assess the extent of deforestation or other human impacts on the environment. ","Analyze this satellite image. Identify any signs of deforestation, illegal logging, or human infrastructure in forest areas.",llava,"N

Justification: The description indicates that while there are some signs of human infrastructure, such as paved roadways and buildings, there is no visible evidence of deforestation or illegal logging, which suggests that the environmental impact may be relatively limited. Additionally, the lack of dense forest cover does not necessarily indicate significant deforestation, especially without a prior image or knowledge about the local ecosystems.","Based on the provided description, is there a significant environmental danger? Answer only 'Y' or 'N' and justify.",llama3,N
2026-03-18 14:31:28,-9.1654,-62.8543,12," The image is a high-resolution satellite photo showing an aerial view of a large forested area with a patch of land that appears to be the focus of the image. The patch has been cleared and there are signs of deforestation, as evidenced by the stark contrast between the dense greenery surrounding it and the bare earth within. There is a clear boundary where the trees end abruptly, indicating a human-made clearing.

Within this cleared area, there are visible signs of illegal logging activity. The trees have been cut down, leaving behind stumps and uneven land surfaces. This type of deforestation is often a sign of human intervention for various purposes such as agriculture, infrastructure development, or illegal timber extraction.

Additionally, there are two distinct areas with large patches of reddish-brown color, which suggest that these areas have been cleared for some reason. The red color could indicate burned or cleared land, possibly due to fire or human intervention. These clearings stand out against the rest of the forested area, which is green and dense.

The surrounding landscape shows a pattern of forested areas with no significant signs of deforestation, indicating that this particular clearing is an anomaly in the broader context of the image. The satellite photo captures these environmental impacts quite clearly, providing a detailed view of human activity within a natural setting. ","Analyze this satellite image. Identify any signs of deforestation, illegal logging, or human environmental impact. Describe what you see in detail.",llava,"Y

The presence of deforestation and signs of illegal logging activity indicate significant environmental damage and potential ecological disruption. The clearing of land for unknown purposes, possibly including agriculture or infrastructure development, could lead to soil erosion, loss of biodiversity, and increased greenhouse gas emissions. Additionally, the burned or cleared areas suggest potential wildfires or habitat destruction, further exacerbating the environmental danger.","Based on the provided description, is there a significant environmental danger? Answer only with Y (yes) or N (no) followed by a brief explanation.",llama3,Y
2026-03-18 14:35:17,45.0,59.0,8," The image appears to be a satellite photo showing a dry, arid landscape with a large body of water at its center, which looks like a lake or salt pan. There is no clear evidence of deforestation or illegal logging visible in this image, as the area surrounding the water body is mostly barren land with sparse vegetation. The human impact on the environment seems to be minimal, and there are no signs of significant pollution or environmental degradation that can be identified from this vantage point.

The landscape is dominated by flat terrain with a mix of sandy areas and patches of what appears to be salt or mineral deposits. There's a road running along the edge of the water body, which could suggest human activity in the area, possibly for transportation or resource extraction purposes. However, without more context, it's difficult to determine the nature of this activity.

The water body itself has some green vegetation around its edges, indicating that despite the harsh conditions, there is still life in the area. There are no clear signs of human settlements visible in the image, which may suggest that the region is not heavily populated or developed. The overall scene conveys a sense of isolation and remoteness, with no immediate signs of significant human impact on the environment. ","Analyze this satellite image. Identify any signs of deforestation, illegal logging, or human environmental impact. Describe what you see in detail.",llava,"N (no)

The description indicates that the landscape appears to be in a natural state with minimal human impact, and there are no clear signs of pollution, deforestation, or illegal logging. The water body has some green vegetation around its edges, suggesting life still exists in the area. Overall, the scene conveys a sense of isolation and remoteness, with no immediate signs of significant human impact on the environment.","Based on the provided description, is there a significant environmental danger? Answer only with Y (yes) or N (no) followed by a brief explanation.",llama3,N
2026-03-18 14:37:34,1.994,114.005,10," The image appears to be a satellite view of a mountainous region with dense vegetation and a few areas of cultivated land. There are no clear signs of deforestation or illegal logging visible from this perspective. However, the presence of small patches of cleared land could indicate human activity that might contribute to environmental impact. These patches look like they have been leveled for agricultural purposes or infrastructure development.

The vegetation is predominantly green with varying shades, suggesting a mix of different plant types and possibly an ecosystem in good health. The mountainous terrain suggests this area may be part of a forested region, which often provides habitat for a variety of wildlife species.

Without more context or information on the ground, it's difficult to make definitive statements about human impact. However, the pattern of cleared land might suggest some form of human intervention in these areas, possibly for agriculture or infrastructure development. ","Analyze this satellite image. Identify any signs of deforestation, illegal logging, or human environmental impact. Describe what you see in detail.",llava,"N (no)

The description does not indicate any clear signs of deforestation or illegal logging, and the vegetation appears to be predominantly green, suggesting an ecosystem in good health. While there are small patches of cleared land, they may be for agricultural purposes or infrastructure development, which could be managed sustainably with proper planning and conservation efforts.","Based on the provided description, is there a significant environmental danger? Answer only with Y (yes) or N (no) followed by a brief explanation.",llama3,N
2026-03-18 14:39:21,-11.0,-62.0,10," This is a satellite view of an area that appears to be undergoing significant transformation. The most striking feature is the large patch of green surrounded by bare earth. This could indicate deforestation or a recent change in land use. Additionally, there are several darker patches within the greener areas which might suggest illegal logging or other forms of environmental impact. The presence of water bodies and the patterns of crop fields indicate human activities in the region. There is no immediate evidence of human settlements like buildings or infrastructure from this perspective. This type of image can be used for environmental monitoring and land management planning. ","Analyze this satellite image. Identify any signs of deforestation, illegal logging, or human environmental impact. Describe what you see in detail.",llava,"Y

The presence of deforestation and potential illegal logging suggests a threat to biodiversity and ecosystems. The bare earth surrounding the green patch may indicate soil erosion or degradation, which can lead to further environmental problems if left unchecked. Additionally, the darker patches within the greener areas could be indicative of illegal activities that harm the environment.","Based on the provided description, is there a significant environmental danger? Answer only with Y (yes) or N (no) followed by a brief explanation.",llama3,Y
2026-03-18 14:41:29,-15.7801,-47.9292,11," This satellite image appears to be a top-down view of a landscape that includes both urban and rural areas. In the center of the image, there is a significant amount of green land indicating vegetation, with some patches of greenery appearing denser than others, which might suggest varying levels of forest coverage.

The most striking feature is a large body of water at the center of the image, which could be a lake or reservoir. Surrounding this water body are urban development areas with roads and structures that indicate human habitation. There's a large city on one side of the water body, and on the other, there are rural areas with fields and smaller settlements.

On closer inspection, there are visible signs of deforestation or illegal logging within the green land near the urban areas, particularly towards the bottom right corner. This area is marked by a clear demarcation between dense vegetation and patches of bare land, suggesting that some tree cover has been removed.

There are no immediate signs of environmental pollution as indicated by the color of the water body, which looks relatively clean. The surrounding landscape shows a mix of greenery, built-up areas, and open fields, all under a clear sky with no visible clouds.

From this satellite image alone, it's difficult to determine the exact extent of human environmental impact beyond what is visible. However, the deforestation observed in one particular area indicates that human activities have had an impact on the natural landscape. Without additional context or images over time, it's challenging to assess broader trends such as changes in vegetation coverage, urbanization rates, or any other form of environmental change. ","Analyze this satellite image. Identify any signs of deforestation, illegal logging, or human environmental impact. Describe what you see in detail.",llava,"N (no)

Although deforestation and illegal logging are visible in one area, it appears to be localized and not an immediate threat to the environment. The water body looks clean, and there are no other signs of significant environmental pollution or degradation. However, it does indicate that human activities have had some impact on the natural landscape.","Based on the provided description, is there a significant environmental danger? Answer only with Y (yes) or N (no) followed by a brief explanation.",llama3,N
2026-03-18 14:43:13,-12.5,-70.0,11," This is a satellite image showing an area of dense tropical forest with significant swaths cleared, primarily in the middle section of the image, where large areas have been deforested and replaced with non-forest cover, revealing land that appears to be cultivated or used for some other purpose. The remaining forested areas are lush and green, with well-defined tree lines and canopy cover. The cleared areas exhibit a stark contrast in color and texture compared to the surrounding forests, indicating a drastic change in land use.

The image also shows a river meandering through the landscape, surrounded by the dense forest on both sides. There are some small clearings along the riverbanks that could be natural or caused by human activity. The pattern of the clearing suggests it might have been carried out systematically, possibly for agricultural purposes or infrastructure development.

There are also some areas where the forest appears to be fragmented, with patches of cleared land interspersed among the forested areas, which could indicate illegal logging activities or selective clearance for certain resources like timber or minerals. The presence of roads or human-made infrastructure is not clearly visible in this image.

The overall landscape shows a mix of natural and human environmental impact, with deforestation and fragmentation being the most evident signs of human intervention. It's important to note that without additional context or information about the location and history of the area, it's difficult to attribute specific activities like illegal logging or infrastructure development solely based on this satellite image. ","Analyze this satellite image. Identify any signs of deforestation, illegal logging, or human environmental impact. Describe what you see in detail.",llava,"Y

The presence of deforestation and fragmentation in the area suggests a significant environmental danger due to loss of habitat for various species, increased risk of soil erosion and landslides, and potential impacts on local ecosystems and biodiversity.","Based on the provided description, is there a significant environmental danger? Answer only with Y (yes) or N (no) followed by a brief explanation.",llama3,Y
